,Topic,Count,Name,keywords
0,-1,7139,-1_urbaine_boulevard_urbain_autoroute,"[('urbaine', 0.501511), ('boulevard', 0.5008642), ('urbain', 0.47337514), ('autoroute', 0.46958068), ('aménagement', 0.43351644), ('québec', 0.43048543), ('rue', 0.4283932), ('bâtiments', 0.4269396), ('rues', 0.41186994), ('construction', 0.388673)]"
1,0,434,0_résidentiels_logements_logement_résidentiel,"[('résidentiels', 0.65615547), ('logements', 0.6540666), ('logement', 0.6375253), ('résidentiel', 0.62558293), ('résidents', 0.5823573), ('résidants', 0.5630197), ('communautaires', 0.5565704), ('immobilier', 0.5534781), ('locataires', 0.5412019), ('communautaire', 0.52831066)]"
2,1,255,1_tram_tramways_tramway_train,"[('tram', 0.74416363), ('tramways', 0.7113805), ('tramway', 0.70982474), ('train', 0.7025968), ('ferroviaire', 0.67131126), ('ferroviaires', 0.66802216), ('trains', 0.66716117), ('métro', 0.6259676), ('rail', 0.60915434), ('amtrak', 0.6089282)]"
3,2,228,2_uneautoroute_cetteautoroute_autoroutes_autoroute,"[('uneautoroute', 0.7599575), ('cetteautoroute', 0.7370421), ('autoroutes', 0.7239985), ('autoroute', 0.67700565), ('boulevard', 0.6510644), ('intersection', 0.6000546), ('avenue', 0.5769268), ('rue', 0.5457353), ('rues', 0.52549183), ('traversent', 0.48862973)]"
4,3,205,3_bus_desautobus_autobus_trajets,"[('bus', 0.7458428), ('desautobus', 0.7425096), ('autobus', 0.7374557), ('trajets', 0.41028458), ('trajet', 0.3575961), ('autos', 0.3575368), ('destination', 0.330105), ('circulation', 0.31992948), ('passent', 0.29501134), ('matin', 0.27124092)]"
5,4,203,4_griffintown_urbain_quartier_projet,"[('griffintown', 0.6780214), ('urbain', 0.50034714), ('quartier', 0.49850017), ('projet', 0.4426151), ('habitation', 0.414227), ('nord', 0.41248018), ('localisée', 0.38319182), ('développement', 0.373408), ('ouest', 0.3695278), ('lieu', 0.36799887)]"
6,5,169,5_coût_coûte_coûts_coûtait,"[('coût', 0.6626854), ('coûte', 0.65833366), ('coûts', 0.64999914), ('coûtait', 0.6253595), ('prix', 0.5347704), ('dépenses', 0.49357137), ('montant', 0.49270532), ('total', 0.4621152), ('dollars', 0.45701945), ('budget', 0.44257915)]"
7,6,156,6_étudié_études_étude_analyses,"[('étudié', 0.6747384), ('études', 0.637604), ('étude', 0.6350752), ('analyses', 0.62610173), ('enquêtes', 0.613291), ('uneétude', 0.60389054), ('analyse', 0.5729455), ('desétudes', 0.5277957), ('étudier', 0.46381718), ('lecture', 0.44206005)]"
8,7,155,7_québec_transports_transport_transit,"[('québec', 0.62518406), ('transports', 0.55070055), ('transport', 0.5266936), ('transit', 0.51909983), ('métropolitaine', 0.51315635), ('transporter', 0.49953818), ('ferroviaire', 0.47692263), ('infrastructures', 0.4751073), ('trafic', 0.47060144), ('métro', 0.45320702)]"
9,8,128,8_corridor_dalhousie_couloir_camillien,"[('corridor', 0.68312323), ('dalhousie', 0.5867113), ('couloir', 0.56111413), ('camillien', 0.49157995), ('quartier', 0.48889205), ('ligne', 0.48711786), ('durocher', 0.46185827), ('trouve', 0.44840607), ('loin', 0.43844944), ('arrivée', 0.43417048)]"
10,9,124,9_urbainequelque_urbaine_urbanisme_métropole,"[('urbainequelque', 0.7374142), ('urbaine', 0.7033889), ('urbanisme', 0.66123986), ('métropole', 0.64924824), ('villes', 0.5771663), ('entrée', 0.55661124), ('entrées', 0.55027777), ('villesouhaiterait', 0.5168767), ('vraieville', 0.5102947), ('centre', 0.5085582)]"
11,10,116,10_rien_non_jamais_jamaisl,"[('rien', 0.5865886), ('non', 0.5288042), ('jamais', 0.4708291), ('jamaisl', 0.4622787), ('notrecapacité', 0.4413786), ('éviter', 0.39054143), ('don', 0.3822124), ('sommes', 0.3765032), ('absentsdu', 0.33847827), ('actuellement', 0.3342177)]"
12,11,116,11_transports_transport_transit_déplacements,"[('transports', 0.8061775), ('transport', 0.7823558), ('transit', 0.7308339), ('déplacements', 0.6189774), ('lestransports', 0.5873129), ('déplacement', 0.54256743), ('letransport', 0.5278827), ('ettransport', 0.5179488), ('infrastructures', 0.49505335), ('métropolitainede', 0.474556)]"
13,12,112,12_stationnements_stationnement_entrepôts_souterrain,"[('stationnements', 0.81092954), ('stationnement', 0.7754576), ('entrepôts', 0.57194066), ('souterrain', 0.55046767), ('espaces', 0.54434514), ('souterrains', 0.53158844), ('places', 0.51989126), ('place', 0.49172646), ('espace', 0.48522717), ('destationnement', 0.46845034)]"
14,13,110,13_gas_gasworks_gaz_city,"[('gas', 0.6588521), ('gasworks', 0.63294566), ('gaz', 0.5464377), ('city', 0.48579532), ('bâtiments', 0.38127086), ('newcity', 0.38071734), ('industriel', 0.34874704), ('énergie', 0.34713486), ('charbon', 0.3447992), ('bâtiment', 0.33927602)]"
15,14,109,14_lasociété_projet_société_planification,"[('lasociété', 0.45059747), ('projet', 0.43649337), ('société', 0.4192744), ('planification', 0.41328984), ('coprésidée', 0.39872912), ('création', 0.38141555), ('secteur', 0.37927884), ('comités', 0.37129447), ('mandat', 0.37063146), ('planifié', 0.3670017)]"
16,15,107,15_innovation_innovatrices_innovatrice_innovations,"[('innovation', 0.6507015), ('innovatrices', 0.6415206), ('innovatrice', 0.6178471), ('innovations', 0.6004682), ('technologique', 0.5195831), ('universités', 0.51615924), ('campus', 0.49372864), ('industriels', 0.48064357), ('technopôles', 0.480557), ('développait', 0.4799404)]"
17,16,100,16_rainville_rainvilleva_rainvillede_direavant,"[('rainville', 0.7532453), ('rainvilleva', 0.6402061), ('rainvillede', 0.6124129), ('direavant', 0.47755134), ('pourpeut', 0.45586357), ('indiqué', 0.45122412), ('bon', 0.45096225), ('comprenais', 0.4493157), ('cettepremière', 0.4486311), ('déclaré', 0.44688827)]"
18,17,99,17_urbaniste_urbanisme_urbaine_urbains,"[('urbaniste', 0.77553743), ('urbanisme', 0.7489178), ('urbaine', 0.65179354), ('urbains', 0.6335707), ('urbain1', 0.6166678), ('urbain', 0.61150694), ('métropolitaine', 0.6032941), ('urbaindurable', 0.51948595), ('planification', 0.5146876), ('métropole', 0.5101791)]"
19,18,95,18_succès_réussir_avantage_optimiste,"[('succès', 0.7125981), ('réussir', 0.6843039), ('avantage', 0.6590034), ('optimiste', 0.58806884), ('efficace', 0.57899386), ('gagner', 0.5524858), ('ambition', 0.53273934), ('apprécionsénormément', 0.5280966), ('uneexpérience', 0.5280937), ('étantcomplètement', 0.4890471)]"
20,19,86,19_comité_commission_rapport_représentants,"[('comité', 0.7637216), ('commission', 0.63052785), ('rapport', 0.5062408), ('représentants', 0.483417), ('mandatde', 0.4121647), ('membres', 0.38977382), ('décisionnels', 0.3850097), ('téméraire', 0.38428804), ('administration', 0.36110702), ('réprimande', 0.36107087)]"
21,20,83,20_île_îlotscentraux_central_paysagersoigné,"[('île', 0.6679207), ('îlotscentraux', 0.52502334), ('central', 0.51690483), ('paysagersoigné', 0.48593247), ('adjacents', 0.45060825), ('terrains', 0.42122614), ('proximité', 0.40499526), ('centraux', 0.39610994), ('espaces', 0.39145994), ('carrés', 0.3913302)]"
22,21,78,21_bridge_tramway_traverser_tramways,"[('bridge', 0.54696864), ('tramway', 0.455046), ('traverser', 0.45095867), ('tramways', 0.4503571), ('traversant', 0.4413824), ('pont', 0.41128314), ('voie', 0.34136072), ('montréaltramway', 0.33957618), ('passer', 0.33111772), ('provincial', 0.31959012)]"
23,22,77,22_vue_vues_visuelle_écran,"[('vue', 0.7100916), ('vues', 0.69779), ('visuelle', 0.6892723), ('écran', 0.66090417), ('vuesintéressantes', 0.624426), ('montre', 0.61752343), ('image', 0.59837973), ('images', 0.5961405), ('regardez', 0.587749), ('montrer', 0.58468914)]"
24,23,75,23_minutes_minutesd_secondes_minute,"[('minutes', 0.7635478), ('minutesd', 0.72043884), ('secondes', 0.7033083), ('minute', 0.6975466), ('minutes15', 0.69399273), ('heures', 0.6307885), ('6minutes', 0.62916213), ('retard', 0.5766444), ('hâte', 0.57553595), ('plaît', 0.55604804)]"
25,24,72,24_autoroutebonaventure_autoroute_réaménagement_amélioration,"[('autoroutebonaventure', 0.61572164), ('autoroute', 0.53963614), ('réaménagement', 0.46118796), ('amélioration', 0.46082366), ('aménagement', 0.44795638), ('redéveloppe', 0.4294685), ('devientprogressivement', 0.4128058), ('projet', 0.40935794), ('réappropriation', 0.39683974), ('améliorer', 0.37747252)]"
26,25,70,25_documentation_document_documents_disponible,"[('documentation', 0.66165435), ('document', 0.57076275), ('documents', 0.5490016), ('disponible', 0.5337101), ('informe', 0.5328536), ('informationcorrectement', 0.53130054), ('information', 0.5216805), ('site', 0.5137295), ('écrit', 0.50182045), ('consulter', 0.50095516)]"
27,26,70,26_autobuseffectueront_lesautobus_boulevard_autobus,"[('autobuseffectueront', 0.5996907), ('lesautobus', 0.59071636), ('boulevard', 0.5767463), ('autobus', 0.5477316), ('bus', 0.5385709), ('corridor', 0.48760188), ('rue', 0.4798904), ('passage', 0.36709416), ('voie', 0.3630662), ('griffintown', 0.3626949)]"
28,27,68,27_non_no_aucun_mis,"[('non', 0.871627), ('no', 0.8175521), ('aucun', 0.75961834), ('mis', 0.5974866), ('oublie', 0.560729), ('avoue', 0.559432), ('puisqu', 0.53486884), ('répondu', 0.5311353), ('voulez', 0.5304554), ('oublié', 0.51657605)]"
29,28,67,28_durabilité_écologique_environnementimmédiat_environnemental,"[('durabilité', 0.796769), ('écologique', 0.6324154), ('environnementimmédiat', 0.61602414), ('environnemental', 0.6132894), ('environnementaux', 0.61119556), ('inenvironmental', 0.58681726), ('dedéveloppement', 0.58407617), ('préservation', 0.57816565), ('développementurbain', 0.5725466), ('durable', 0.53211284)]"
30,29,67,29_highway_autoroute_duréaménagement_viaduct,"[('highway', 0.5754205), ('autoroute', 0.5420278), ('duréaménagement', 0.48725194), ('viaduct', 0.4800598), ('réaménagement', 0.4714542), ('réaménagementde', 0.4676636), ('streets', 0.4548125), ('airegéographique', 0.39884824), ('commune', 0.39556485), ('projet', 0.3923419)]"
31,30,65,30_consultationpublique_consultations_consultation_consultés,"[('consultationpublique', 0.8392582), ('consultations', 0.79110754), ('consultation', 0.76849794), ('consultés', 0.687899), ('publique', 0.60362065), ('publiques', 0.5946758), ('public', 0.5675155), ('conférences', 0.55497646), ('lesorganisations', 0.5495472), ('visites', 0.5452827)]"
32,31,64,31_reprenantdemain_séancesultérieures_demain_terminé,"[('reprenantdemain', 0.6428059), ('séancesultérieures', 0.6203435), ('demain', 0.57780045), ('terminé', 0.57558435), ('terminée', 0.5646856), ('soirée', 0.5510982), ('soir', 0.5447341), ('prochaine', 0.5398562), ('continuerons', 0.5334476), ('soirs', 0.52743185)]"
33,32,64,32_québec_capitales_fortifications_commune,"[('québec', 0.71927315), ('capitales', 0.35393697), ('fortifications', 0.34918582), ('commune', 0.34000745), ('étéconstruits', 0.31458223), ('centrauxappartiennent', 0.29834905), ('globale', 0.29588476), ('quiappartiendrait', 0.29409972), ('mondiales', 0.2887802), ('nord', 0.28136826)]"
34,33,59,33_patrimoine_patrimoines_héritage_patrimoinearchitectural,"[('patrimoine', 0.87805176), ('patrimoines', 0.87557805), ('héritage', 0.83838683), ('patrimoinearchitectural', 0.8347131), ('archéologique', 0.7602848), ('patrimoinebâti', 0.7225226), ('historique', 0.7095387), ('museum', 0.6798988), ('histoire', 0.63786304), ('culturel', 0.6203239)]"
35,34,57,34_artistiques_arts_art_artistique,"[('artistiques', 0.6669617), ('arts', 0.66576123), ('art', 0.65405965), ('artistique', 0.60750383), ('artistes', 0.6020756), ('desexpositions', 0.5840366), ('sculpture', 0.50320214), ('culturel', 0.47818673), ('public', 0.47677812), ('culturels', 0.47591156)]"
36,35,57,35_urbanistique_urbanisme_socioéconomiquede_avenir,"[('urbanistique', 0.56062436), ('urbanisme', 0.5042691), ('socioéconomiquede', 0.45509183), ('avenir', 0.4493039), ('urbaine', 0.42295957), ('pragmatiques', 0.40966275), ('projets', 0.4061532), ('métropolitaine', 0.39674383), ('urbain', 0.39093506), ('développement', 0.38692087)]"
37,36,56,36_vousremercie_remercie_diremerci_monsieur,"[('vousremercie', 0.79548806), ('remercie', 0.7606131), ('diremerci', 0.72837377), ('monsieur', 0.5900941), ('accueillons', 0.5865255), ('prie', 0.5474539), ('monsieurmorrissette', 0.54480624), ('etmonsieur', 0.533651), ('messieurs', 0.5264685), ('salutations', 0.49977836)]"
38,37,56,37_coûtera_coûts_coût_coûterait,"[('coûtera', 0.52459574), ('coûts', 0.51570827), ('coût', 0.51282007), ('coûterait', 0.49584365), ('tunnel', 0.4527188), ('corridor', 0.40118206), ('dépenser', 0.36593372), ('montant', 0.35995415), ('construction', 0.35838455), ('dollars', 0.35555673)]"
39,38,53,38_autoroute_réaménagement_construction_km,"[('autoroute', 0.6627553), ('réaménagement', 0.60396314), ('construction', 0.5234373), ('km', 0.48566648), ('quartier', 0.46651036), ('projet', 0.45030633), ('démolition', 0.44879818), ('traverse', 0.44256863), ('située', 0.4285936), ('piliers', 0.4228167)]"
40,39,52,39_projets_projetdéposé_projet_inapproprié,"[('projets', 0.4500637), ('projetdéposé', 0.44236118), ('projet', 0.43828183), ('inapproprié', 0.41020483), ('audéveloppement', 0.40123397), ('défectueux', 0.39584026), ('deuxprojets', 0.37676075), ('incohérence', 0.36643213), ('programmationrésidentielle', 0.35355842), ('decomplémentarité', 0.33496308)]"
41,40,51,40_projet_vousprésentons_notreprojet_présentation,"[('projet', 0.632015), ('vousprésentons', 0.50013983), ('notreprojet', 0.4834098), ('présentation', 0.48086065), ('plusieursquestionnements', 0.478819), ('présenté', 0.4602108), ('intégrerait', 0.4581005), ('présentons', 0.45679712), ('souligner', 0.42778897), ('développeur', 0.41713765)]"
42,41,51,41_bridge_pont_champlainet_champlain,"[('bridge', 0.6721434), ('pont', 0.46638045), ('champlainet', 0.41795877), ('champlain', 0.4173937), ('pontchamplain', 0.39061683), ('autobus', 0.3899287), ('parcours', 0.3759213), ('ferroviaire', 0.36619675), ('parbonaventure', 0.32806602), ('voie', 0.31596437)]"
43,42,51,42_montre_vousconnaissez_espérant_voulais,"[('montre', 0.6299809), ('vousconnaissez', 0.5964292), ('espérant', 0.5868222), ('voulais', 0.58614206), ('voulez', 0.5728375), ('pouvez', 0.572245), ('horloge', 0.56686366), ('faire', 0.5636046), ('voir', 0.55953), ('dirais', 0.5572956)]"
44,43,50,43_demanderais_demander_répondre_votreproposition,"[('demanderais', 0.7336959), ('demander', 0.70058495), ('répondre', 0.6968062), ('votreproposition', 0.6846076), ('réponse', 0.6747483), ('souhaitez', 0.6595504), ('réponde', 0.6568772), ('répondez', 0.65298915), ('répond', 0.6459241), ('aimerais', 0.643428)]"
45,44,50,44_bruit_bruits_sonores_sonore,"[('bruit', 0.67847216), ('bruits', 0.64692354), ('sonores', 0.57242286), ('sonore', 0.5380868), ('nuisances', 0.42146885), ('pollution', 0.41655397), ('pollutionsonore', 0.3728677), ('atmosphérique', 0.35776109), ('surélévations', 0.32547796), ('diminue', 0.30969626)]"
46,45,50,45_green_terrasses_vert_verts,"[('green', 0.5623404), ('terrasses', 0.431436), ('vert', 0.36154896), ('verts', 0.35972124), ('végétation', 0.33642846), ('végétalisées', 0.3288375), ('niveaux', 0.31963742), ('murs', 0.29957175), ('devraientêtre', 0.2899837), ('définiront', 0.28463382)]"
47,46,49,46_payent_total_000_80,"[('payent', 0.62108445), ('total', 0.49763298), ('000', 0.4811227), ('80', 0.42689663), ('50', 0.4245547), ('500l', 0.41846484), ('513', 0.35598755), ('805', 0.3545434), ('809', 0.34423047), ('60', 0.3419389)]"
48,47,49,47_trafic_congestion_automobiles_automobilesqui,"[('trafic', 0.6029564), ('congestion', 0.57540464), ('automobiles', 0.5707159), ('automobilesqui', 0.56254625), ('conduite', 0.56144977), ('véhicules', 0.54257905), ('réduction', 0.4980052), ('voitures', 0.49614403), ('autos', 0.4936519), ('ralentissement', 0.49050146)]"
49,48,47,48_saint_paul_pauvres_saint170,"[('saint', 0.5055217), ('paul', 0.48622334), ('pauvres', 0.48375702), ('saint170', 0.47648987), ('quartier', 0.46997368), ('bourgogne', 0.4683928), ('pauvreté', 0.46457118), ('st', 0.46019566), ('quartiers', 0.45981747), ('progressif', 0.43951613)]"
50,49,47,49_septembre_décembre_2011_novembre,"[('septembre', 0.67308176), ('décembre', 0.6597658), ('2011', 0.6314262), ('novembre', 0.63073397), ('2009', 0.620063), ('2010', 0.6095203), ('2009loin', 0.59045243), ('2008', 0.59011185), ('2007', 0.57800615), ('rapport', 0.5500833)]"
51,50,47,50_québec_montréalaisjusqu_villes_lasociété,"[('québec', 0.72063076), ('montréalaisjusqu', 0.5792414), ('villes', 0.5449667), ('lasociété', 0.52245665), ('degriffintown', 0.5128901), ('montréal', 0.51167846), ('viger', 0.51018846), ('palais', 0.5063318), ('mainville', 0.5029896), ('duhavre', 0.50091344)]"
52,51,46,51_projetspublics_désappropriation_politiquement_urbanisme,"[('projetspublics', 0.4776236), ('désappropriation', 0.47465047), ('politiquement', 0.46528935), ('urbanisme', 0.4579885), ('injustifiés', 0.44210756), ('empêcheurs', 0.368927), ('fonctionnaires', 0.36604953), ('incongruités', 0.36521798), ('municipale', 0.36307365), ('représentants', 0.35191166)]"
53,52,46,52_bâtiments_rue_rues_saint,"[('bâtiments', 0.51838994), ('rue', 0.44037914), ('rues', 0.37361848), ('saint', 0.26690513), ('couloirs', 0.25189078), ('direction', 0.24773827), ('st', 0.23288023), ('façades', 0.23157099), ('directionde', 0.2245107), ('paul', 0.21968916)]"
54,53,45,53_présidente_madame_bonjour_chères,"[('présidente', 0.6195853), ('madame', 0.527369), ('bonjour', 0.4914827), ('chères', 0.42877445), ('salutations', 0.41845906), ('monsieurpropose', 0.40638736), ('souhaitant', 0.40528485), ('voudrais', 0.39917386), ('présenter', 0.39704108), ('permettez', 0.36850578)]"
55,54,44,54_solutions_autresoptions_solution_défis,"[('solutions', 0.6288631), ('autresoptions', 0.62466496), ('solution', 0.59111965), ('défis', 0.58149815), ('alternatives', 0.5644786), ('possibilités', 0.5564636), ('résoudre', 0.5476738), ('résolu', 0.5471768), ('difficultés', 0.5382724), ('défi', 0.52432543)]"
56,55,44,55_santépublique_santé_publique_considérations,"[('santépublique', 0.75195384), ('santé', 0.63468313), ('publique', 0.509651), ('considérations', 0.4410015), ('perspectives', 0.43828714), ('ledépartement', 0.43693563), ('environnement', 0.42308217), ('populationnelle', 0.41127637), ('connaissances', 0.41030875), ('utiles', 0.40651107)]"
57,56,44,56_effectivement_oui_sûr_bien,"[('effectivement', 0.9106017), ('oui', 0.89450157), ('sûr', 0.77435577), ('bien', 0.73294044), ('justement', 0.7057478), ('aimeraitqu', 0.6970502), ('comprends', 0.68734014), ('raison', 0.6872557), ('avez', 0.6865442), ('plaît', 0.6843653)]"
58,57,43,57_consultations_québec_consultation_interventionspubliques,"[('consultations', 0.61612284), ('québec', 0.61421233), ('consultation', 0.5906192), ('interventionspubliques', 0.5439246), ('bureau', 0.47126326), ('bureaux', 0.46951318), ('publiques', 0.45524794), ('publique', 0.45517755), ('documentation', 0.4211211), ('représentants', 0.40465674)]"
59,58,42,58_uneautoroute_autoroute_lanes_boulevard,"[('uneautoroute', 0.6133349), ('autoroute', 0.57799846), ('lanes', 0.4839295), ('boulevard', 0.45471185), ('traverser', 0.35718834), ('rues', 0.33168948), ('autobus', 0.32702845), ('stationnement', 0.32205528), ('douzevoies', 0.3131543), ('segment', 0.26781714)]"
60,59,41,59_chaudières_chaudière_chauffage_climatisation,"[('chaudières', 0.5573113), ('chaudière', 0.5385203), ('chauffage', 0.5166734), ('climatisation', 0.515386), ('climatiser', 0.5133202), ('heating', 0.4913652), ('thermique', 0.48430955), ('cooling', 0.47865266), ('immeubles', 0.47014678), ('centrales', 0.4595979)]"
61,60,40,60_aircongestion_air_environnemental_respirables,"[('aircongestion', 0.6452268), ('air', 0.613667), ('environnemental', 0.54638284), ('respirables', 0.54025614), ('qualité', 0.5273863), ('ventilation', 0.52590215), ('polluants', 0.44972467), ('analyse', 0.41613862), ('ensoleillement', 0.41189557), ('lazone', 0.4114593)]"
62,61,40,61_année_années_2026_semaines,"[('année', 0.58917546), ('années', 0.5687559), ('2026', 0.56529355), ('semaines', 0.52787066), ('période', 0.5129853), ('mois', 0.4643381), ('ansaprès', 0.4518209), ('saison', 0.44136143), ('avenir', 0.43491495), ('finalisé', 0.42569137)]"
63,62,40,62_proposée_introduction_projet_détaillé,"[('proposée', 0.5358578), ('introduction', 0.5309235), ('projet', 0.5295151), ('détaillé', 0.49517125), ('rapport', 0.49263638), ('synthèses', 0.4924746), ('études', 0.49056494), ('synthèse', 0.47684854), ('srecommandations', 0.47263628), ('2009', 0.46944094)]"
64,63,39,63_immeublesparaissent_bâtimentstriangulaires_édifices_bâtimentsbeaucoup,"[('immeublesparaissent', 0.7798016), ('bâtimentstriangulaires', 0.7608726), ('édifices', 0.7451314), ('bâtimentsbeaucoup', 0.7414079), ('immeubles', 0.73317254), ('buildings', 0.71709037), ('bâtiments', 0.71589595), ('bâtimentsde', 0.6811701), ('bâtimentordinaire', 0.61784923), ('étages', 0.57666504)]"
65,64,39,64_garage_corridor_corridors_entrée,"[('garage', 0.71553314), ('corridor', 0.54662144), ('corridors', 0.53493315), ('entrée', 0.4678074), ('tunnel', 0.4599535), ('environnants', 0.4565426), ('ici', 0.44930238), ('nouvellebarrière', 0.43856782), ('chantiers', 0.42294818), ('corridorbonaventure', 0.40837175)]"
66,65,38,65_projet_copropriétaires_phases_cournoyer,"[('projet', 0.5518771), ('copropriétaires', 0.5478564), ('phases', 0.5302711), ('cournoyer', 0.48137212), ('syndicat', 0.47534066), ('3et', 0.47013962), ('construire', 0.45845163), ('lowney', 0.44542515), ('11', 0.42244643), ('13', 0.41561803)]"
67,66,38,66_plaît_aimerais_pouvez_autant,"[('plaît', 0.92954135), ('aimerais', 0.8639742), ('pouvez', 0.8509085), ('autant', 0.82070136), ('soyez', 0.8192587), ('bien', 0.807332), ('laisse', 0.7912549), ('oui', 0.7902789), ('entendre', 0.7873014), ('aller', 0.7525369)]"
68,67,37,67_rapport_présentations_projetdétaillé_études,"[('rapport', 0.5441263), ('présentations', 0.53251207), ('projetdétaillé', 0.5310082), ('études', 0.5234307), ('vézina', 0.5214155), ('comavec', 0.5181595), ('sujet', 0.51668245), ('bonaventure', 0.5083278), ('voies', 0.49249795), ('1quartier', 0.49144277)]"
69,68,36,68_monsieur_monsieursilviu_quemonsieur_boisvertd,"[('monsieur', 0.68963104), ('monsieursilviu', 0.68052304), ('quemonsieur', 0.62311363), ('boisvertd', 0.524524), ('stéphane', 0.52416444), ('brisset', 0.5232588), ('interpellerais', 0.5224264), ('plaît', 0.5201655), ('boisvert', 0.5094557), ('boivert', 0.5049298)]"
70,69,36,69_consultations_shm_insatisfaisantes_inquiétudessuivantes,"[('consultations', 0.38633603), ('shm', 0.3672073), ('insatisfaisantes', 0.35369474), ('inquiétudessuivantes', 0.33828324), ('affirmations', 0.3336077), ('interrogations', 0.32197255), ('propositionde', 0.31856045), ('consulté', 0.30654687), ('présenter', 0.3048836), ('toutefois', 0.3016601)]"
71,70,35,70_second_seconde_aimerais_plaît,"[('second', 0.5812379), ('seconde', 0.5563023), ('aimerais', 0.5135975), ('plaît', 0.5056126), ('aurez', 0.501357), ('prendre', 0.49757507), ('questionde', 0.49337), ('débat', 0.48845777), ('question', 0.48315066), ('avecquelque', 0.47611013)]"
72,71,34,71_mémoire_quelquesprécisions_référence_mentionnez,"[('mémoire', 0.5527237), ('quelquesprécisions', 0.49879336), ('référence', 0.49238044), ('mentionnez', 0.47803432), ('présenter', 0.4617435), ('commentairesà', 0.45174944), ('correctifs', 0.44663167), ('mentionner', 0.4447841), ('présenterez', 0.44206238), ('choisi', 0.42886153)]"
73,72,34,72_simulations_simulation_simuler_modèlesqui,"[('simulations', 0.7264205), ('simulation', 0.6783942), ('simuler', 0.6191088), ('modèlesqui', 0.5683725), ('modèles', 0.5679474), ('simulent', 0.56380177), ('modèle', 0.51617914), ('simpliste', 0.46415657), ('dessimulations', 0.4490439), ('dynamique', 0.43148905)]"
74,73,34,73_shm_ocpm_consultants_projetcoût,"[('shm', 0.48460805), ('ocpm', 0.37813932), ('consultants', 0.3598315), ('projetcoût', 0.35124573), ('concept', 0.34498635), ('souligner', 0.34452695), ('recommander', 0.34153724), ('recommandent', 0.3378958), ('encourageons', 0.3373696), ('téléphonique', 0.3317774)]"
75,74,33,74_madame_sophie_marie_patricia,"[('madame', 0.6558294), ('sophie', 0.6117919), ('marie', 0.52950233), ('patricia', 0.51089), ('caroline', 0.49674273), ('christine', 0.49633616), ('thibault', 0.48562643), ('plaît', 0.48029757), ('judith', 0.47356853), ('maintenantmadame', 0.4623162)]"
76,75,33,75_problématiquemontréalaise_urbainlibéré_urbainede_urbaine,"[('problématiquemontréalaise', 0.6298676), ('urbainlibéré', 0.52349603), ('urbainede', 0.48471993), ('urbaine', 0.4805076), ('deparamètres', 0.4732126), ('aménagement', 0.4606905), ('unecentrale', 0.44416785), ('considérationsd', 0.44161338), ('préoccupations', 0.4127974), ('dulotissement', 0.39728335)]"
77,76,32,76_kilomètre_998mètres_longueur_mètre,"[('kilomètre', 0.58409756), ('998mètres', 0.5712552), ('longueur', 0.56948084), ('mètre', 0.5566846), ('mètres', 0.52324164), ('89m', 0.513324), ('maximale', 0.5108283), ('30ppm', 0.4953506), ('longitudinal', 0.48436302), ('limite', 0.45652935)]"
78,77,32,77_veutcollaborer_projet_projetencore_contribution,"[('veutcollaborer', 0.5331064), ('projet', 0.5281505), ('projetencore', 0.5010187), ('contribution', 0.494523), ('participer', 0.4723951), ('stratégique', 0.46597457), ('contribué', 0.44972104), ('objectifs', 0.448106), ('essentiels', 0.4388606), ('succès', 0.43825334)]"
79,78,32,78_20ans_20_desinvestissements_2031,"[('20ans', 0.5073266), ('20', 0.4745139), ('desinvestissements', 0.4671762), ('2031', 0.43843806), ('25', 0.42908442), ('annuellement', 0.4157161), ('5milliards', 0.39119038), ('50', 0.3841597), ('000', 0.37695873), ('marché', 0.37624907)]"
80,79,31,79_riveraines_canal_pont_fleuve,"[('riveraines', 0.6329892), ('canal', 0.58690023), ('pont', 0.5658917), ('fleuve', 0.54608244), ('endroit', 0.5132076), ('canallachine', 0.4931832), ('oùest', 0.49185568), ('toutgriffintown', 0.48403484), ('bonaventurepasse', 0.47271043), ('château', 0.46937716)]"
81,80,31,80_proposait_accélérer_pland_susciter,"[('proposait', 0.32647824), ('accélérer', 0.30543014), ('pland', 0.3003178), ('susciter', 0.29071313), ('rechange', 0.28619516), ('desréserves', 0.28539845), ('prioritédevrait', 0.28410372), ('performante', 0.2689702), ('slrn', 0.2673819), ('slr', 0.26723412)]"
82,81,30,81_tramwaysqui_train_railroads_tram,"[('tramwaysqui', 0.67247105), ('train', 0.6559757), ('railroads', 0.63850856), ('tram', 0.63379115), ('trains', 0.631647), ('métro', 0.6219738), ('tramway', 0.61409414), ('tramtrain', 0.61105824), ('trainintroduction', 0.56139886), ('rail', 0.5348289)]"
83,82,30,82_first_premièrequestion_question_répondons,"[('first', 0.633065), ('premièrequestion', 0.5124123), ('question', 0.4917165), ('répondons', 0.45586073), ('répondre', 0.441128), ('votredeuxième', 0.41874844), ('immédiatement', 0.4078284), ('premiers', 0.40693402), ('répond', 0.40030354), ('réponde', 0.39970654)]"
84,83,29,83_risques_préoccupations_inquiétudes_conséquences,"[('risques', 0.73995936), ('préoccupations', 0.5664089), ('inquiétudes', 0.56566703), ('conséquences', 0.5452164), ('crainte', 0.52122176), ('insécurité', 0.5209208), ('inquiétants', 0.52063894), ('préoccupation', 0.5044383), ('sécurité', 0.49569434), ('sécuritaires', 0.4925843)]"
85,84,29,84_urbaniser_urbaine_urbain_economicallyviable,"[('urbaniser', 0.56376934), ('urbaine', 0.533397), ('urbain', 0.4943629), ('economicallyviable', 0.3937923), ('sustainable', 0.30928302), ('marginalise', 0.3017738), ('desinvestissements', 0.29742992), ('inadapté', 0.2879238), ('géographique', 0.2847855), ('planification', 0.27754074)]"
86,85,29,85_pollution_polluants_atmosphérique_smog,"[('pollution', 0.7349318), ('polluants', 0.66007644), ('atmosphérique', 0.5791458), ('smog', 0.52783525), ('contamination', 0.4638157), ('maladiesrespiratoires', 0.45684493), ('air', 0.42650443), ('respiratoires', 0.38432026), ('impacts', 0.36745942), ('bronchite', 0.36561874)]"
87,86,28,86_immeuble_édifice_bâtimentet_architectes,"[('immeuble', 0.58930016), ('édifice', 0.572613), ('bâtimentet', 0.5649391), ('architectes', 0.55744296), ('architecte', 0.5271946), ('bâtiment', 0.5054621), ('1842', 0.4700938), ('édificeavec', 0.46595943), ('1875', 0.45057163), ('1859', 0.4468189)]"
88,87,28,87_édifice_édifices_rue_avenue,"[('édifice', 0.46455574), ('édifices', 0.46244755), ('rue', 0.4613977), ('avenue', 0.4482236), ('église', 0.43126845), ('saintmaurice', 0.42024708), ('rues', 0.4138917), ('pavillon', 0.40829423), ('nord', 0.35446417), ('croisera', 0.35228416)]"
89,88,27,88_canada_publique_consultation_bureaux,"[('canada', 0.482152), ('publique', 0.41011596), ('consultation', 0.40556043), ('bureaux', 0.39814168), ('métropolitain', 0.389398), ('janvier', 0.374025), ('bureau', 0.37078425), ('quotidiens', 0.36921552), ('citoyens', 0.351524), ('projet', 0.3479073)]"
90,89,27,89_vousplaît_maintenantmonsieur_monsieurdawson_appellerais,"[('vousplaît', 0.5339099), ('maintenantmonsieur', 0.5252564), ('monsieurdawson', 0.5243283), ('appellerais', 0.51761484), ('monsieur', 0.50564796), ('plaît', 0.49374473), ('monsieurtanguay', 0.48624223), ('inviterais', 0.472992), ('michaud', 0.46362454), ('benoît', 0.42462224)]"
91,90,27,90_autoroute_boulevard_urbain_municipale,"[('autoroute', 0.47039348), ('boulevard', 0.46978945), ('urbain', 0.45006388), ('municipale', 0.4192534), ('etrésidentielle', 0.41276133), ('placespubliques', 0.4009794), ('réappropriation', 0.37090427), ('telleinfrastructure', 0.33748037), ('voisinage', 0.33731705), ('réaménagement', 0.33567536)]"
92,91,27,91_investissements_investissement_investis_investir,"[('investissements', 0.53963256), ('investissement', 0.5339148), ('investis', 0.51126), ('investir', 0.48219782), ('milliards', 0.4467957), ('investit', 0.44602025), ('milliard', 0.39757398), ('millions', 0.39176255), ('privées', 0.39049098), ('privé', 0.3796891)]"
93,92,27,92_ducomité_french_françois_beaulac,"[('ducomité', 0.55748713), ('french', 0.54559034), ('françois', 0.5035904), ('beaulac', 0.47847912), ('barcelo', 0.4712826), ('béland', 0.43800247), ('concensus', 0.43746948), ('chevauche', 0.4227601), ('montréal', 0.417647), ('carole', 0.41478848)]"
94,93,27,93_parcs_chiens_parc_canin,"[('parcs', 0.5576968), ('chiens', 0.5413761), ('parc', 0.5296886), ('canin', 0.45824116), ('relocalisétemporairement', 0.36273697), ('trottoir', 0.347709), ('localisation', 0.32274136), ('bonaventurerésumé', 0.32080486), ('retissage', 0.31564343), ('périphérique', 0.31073442)]"
95,94,27,94_inspecteur_fonctionnaires_cop_immeuble,"[('inspecteur', 0.60814756), ('fonctionnaires', 0.5227603), ('cop', 0.5056455), ('immeuble', 0.47702664), ('rue', 0.46647114), ('déménageréventuellement', 0.44727075), ('police', 0.44525027), ('lapolice', 0.43280607), ('confrère', 0.42671448), ('édifice', 0.4254226)]"
96,95,27,95_immobilière_immobilier_terrains_terrain,"[('immobilière', 0.57369506), ('immobilier', 0.4922576), ('terrains', 0.4531442), ('terrain', 0.44214168), ('devenezpropriétaires', 0.4201526), ('périphérie', 0.3968857), ('potentiel', 0.39470798), ('construire', 0.39098546), ('rentabiliser', 0.38842475), ('surplus', 0.3581364)]"
97,96,26,96_architecture_unearchitecture_architecturaux_design,"[('architecture', 0.80961823), ('unearchitecture', 0.7986199), ('architecturaux', 0.7932233), ('design', 0.7087499), ('édificepatrimonial', 0.65607804), ('édifices', 0.60108113), ('bâtiment', 0.572354), ('structure', 0.56670624), ('bâtiments', 0.5528616), ('patrimoniaux', 0.4752018)]"
98,97,26,97_monsieurhakim_remercie_vousplaît_plaît,"[('monsieurhakim', 0.6286105), ('remercie', 0.5378728), ('vousplaît', 0.5327498), ('plaît', 0.51194215), ('monsieur', 0.49937135), ('accueillerai', 0.46544522), ('michaud', 0.46403438), ('aimeraissaluer', 0.45677525), ('bien', 0.44562632), ('oui', 0.44419467)]"
99,98,25,98_boulevards_boulevard_urbain_villeet,"[('boulevards', 0.5990689), ('boulevard', 0.54945874), ('urbain', 0.5131501), ('villeet', 0.4695645), ('centreville', 0.42831373), ('provinciaux', 0.4069541), ('ruepar', 0.39383087), ('centre', 0.37436086), ('paysage', 0.36104658), ('accessibilité', 0.33729702)]"
100,99,25,99_remercie_accueillir_bien_bonne,"[('remercie', 0.7752857), ('accueillir', 0.558821), ('bien', 0.54940265), ('bonne', 0.5238067), ('oui', 0.5034022), ('respecté', 0.49797365), ('remercions', 0.49482566), ('aurez', 0.46242034), ('extrêmement', 0.4585535), ('vraiment', 0.41506442)]"
101,100,25,100_dufresne_auxquellesmonsieur_remercie_monsieurréjean,"[('dufresne', 0.63523996), ('auxquellesmonsieur', 0.58973587), ('remercie', 0.5389614), ('monsieurréjean', 0.52932453), ('plaît', 0.4942299), ('monsieur', 0.48192963), ('delcourt', 0.47304618), ('rectifications', 0.45819664), ('estdirecteur', 0.45473963), ('rejean', 0.44502792)]"
102,101,25,101_québec_gouvernements_politiques_gouvernementales,"[('québec', 0.5667142), ('gouvernements', 0.42921335), ('politiques', 0.4073821), ('gouvernementales', 0.40697774), ('mairede', 0.40668154), ('municipal', 0.39263046), ('gouverner', 0.37759188), ('maire', 0.36268604), ('représentantsdes', 0.3419365), ('leadership', 0.3353667)]"
103,102,25,102_________________________________________________________________________montréal_janvier_bonaventure,"[('_______________________________________________________________________', 0.6254872), ('montréal', 0.59803885), ('janvier', 0.55148125), ('bonaventure', 0.48853534), ('2010ocpm', 0.4835281), ('présentation', 0.48047328), ('2010', 0.46745354), ('12', 0.45662087), ('6notre', 0.45346844), ('éts', 0.43842834)]"
104,103,24,103_aimeraisvous_vousexprimer_définiriez_pourriez,"[('aimeraisvous', 0.6014571), ('vousexprimer', 0.5812215), ('définiriez', 0.5603764), ('pourriez', 0.53612816), ('pourrieznous', 0.51019156), ('pensez', 0.5053551), ('pensé', 0.4865741), ('pouvez', 0.48149252), ('pensée', 0.4770733), ('réflexions', 0.47692838)]"
105,104,24,104_urbanistique_projetbonaventure_architectural_citadins,"[('urbanistique', 0.677477), ('projetbonaventure', 0.49958313), ('architectural', 0.47538093), ('citadins', 0.45265764), ('revitalisation', 0.43611994), ('quartier', 0.41759363), ('projet', 0.40527487), ('territoires', 0.40242422), ('territoire', 0.40227193), ('innovation', 0.4005214)]"
106,105,24,105_autobus_rue_bus_intersection,"[('autobus', 0.54990506), ('rue', 0.5443491), ('bus', 0.54347694), ('intersection', 0.5172658), ('rues', 0.5003091), ('direction', 0.44392043), ('transiter', 0.40152544), ('voie', 0.39308572), ('automobilistes', 0.36491778), ('diriger', 0.3467427)]"
107,106,24,106_boulevard_urbanistique_trottoirs_rue,"[('boulevard', 0.8251381), ('urbanistique', 0.7879081), ('trottoirs', 0.7857231), ('rue', 0.75519884), ('urbain', 0.7516229), ('rues', 0.62507355), ('trafic', 0.54900557), ('photo', 0.38638347), ('infrastructure', 0.37310183), ('gauche', 0.35593683)]"
108,107,24,107_plan_devrait_probablement_projet,"[('plan', 0.62298346), ('devrait', 0.5666287), ('probablement', 0.5296246), ('projet', 0.47689873), ('aimerait', 0.47196758), ('faut', 0.466108), ('actuel', 0.460317), ('présentation', 0.46022397), ('attendezdans', 0.458492), ('actuelle', 0.4556535)]"
109,108,24,108_autoroutebonaventure_autoroute_disparition_barrière,"[('autoroutebonaventure', 0.62203956), ('autoroute', 0.55967623), ('disparition', 0.41798997), ('barrière', 0.4025039), ('quartiershistoriques', 0.39994174), ('corridordalhousie', 0.37729287), ('bonaventurepermettra', 0.36837953), ('environnants', 0.36790937), ('destination', 0.36533323), ('démolie', 0.35873485)]"
110,109,23,109________________________________________________________________________________________________________________________________________________janvier_premiers,"[('______________________________________________________________________', 0.6178098), ('_______________________________________________________________________', 0.6176448), ('janvier', 0.5532491), ('premiers', 0.54364276), ('cogitèrent', 0.49972773), ('bonaventure', 0.4918505), ('2010ocpm', 0.48432237), ('projet', 0.4347149), ('stéphanie', 0.41725942), ('', 0.40485257)]"
111,110,23,110_pollution_traffic_autobusest_desautobus,"[('pollution', 0.49032304), ('traffic', 0.48116416), ('autobusest', 0.45678192), ('desautobus', 0.4318092), ('polluent', 0.4256869), ('autobus', 0.42198342), ('polluante', 0.40589073), ('bruit', 0.34105915), ('atmosphériqueà', 0.33780238), ('émissions', 0.3281443)]"
112,111,23,111_monsieur_àmonsieur_vousplaît_demanderais,"[('monsieur', 0.55648136), ('àmonsieur', 0.53451014), ('vousplaît', 0.53248453), ('demanderais', 0.5291702), ('plaît', 0.5162401), ('apporter', 0.5060782), ('carette', 0.50207543), ('aimeraisça', 0.48809263), ('demander', 0.48120505), ('voudrait', 0.48040643)]"
113,112,22,112_trafic_villetransport_trottoir_routes,"[('trafic', 0.59160113), ('villetransport', 0.5885965), ('trottoir', 0.563632), ('routes', 0.5378498), ('boulevard', 0.5348721), ('métropolitaine', 0.45489132), ('ferroviaire', 0.45466024), ('urbain', 0.42579705), ('sécurité', 0.4107567), ('circulation', 0.3956995)]"
114,113,22,113_shm_2010_contredire_septembre,"[('shm', 0.6030433), ('2010', 0.49426916), ('contredire', 0.4429401), ('septembre', 0.44127893), ('présenté', 0.4408548), ('décembre', 0.4379779), ('2009', 0.4318046), ('présentée', 0.42608613), ('communiqué', 0.42336738), ('fois', 0.4176134)]"
115,114,22,114_pollution_polluantes_polluants_parcautomobiles,"[('pollution', 0.5027534), ('polluantes', 0.4661748), ('polluants', 0.42965657), ('parcautomobiles', 0.37134787), ('véhicules', 0.3675965), ('atmosphérique', 0.33496726), ('émissions', 0.33455527), ('carburant', 0.32372895), ('voitures', 0.30632392), ('électrification', 0.30124027)]"
116,115,21,115_consultation_organisations_projet_décideurs,"[('consultation', 0.4834135), ('organisations', 0.40199304), ('projet', 0.39389315), ('décideurs', 0.39114702), ('suggéré', 0.3627022), ('proposition', 0.3589247), ('volontaire', 0.35559988), ('complémentarité', 0.3439612), ('mandater', 0.3394771), ('publique', 0.33947545)]"
117,116,21,116_vélos_vélo_cyclistes_cycliste,"[('vélos', 0.72008014), ('vélo', 0.6857492), ('cyclistes', 0.65120757), ('cycliste', 0.58865947), ('streets6', 0.4175377), ('intersections', 0.39508975), ('déplacements', 0.38440055), ('rues', 0.38053137), ('sécuritaire', 0.34898823), ('sécurité', 0.34671113)]"
118,117,21,117_tunnel_untunnel_unestructure_estimpossible,"[('tunnel', 0.7134342), ('untunnel', 0.6135709), ('unestructure', 0.47049952), ('estimpossible', 0.4222275), ('150m', 0.40672103), ('mètres', 0.385382), ('distance', 0.38490903), ('centimètres', 0.38117647), ('150mce', 0.38058883), ('dutunnel', 0.36058605)]"
119,118,21,118_tramway_tram_rail_train,"[('tramway', 0.6048702), ('tram', 0.6036066), ('rail', 0.5104004), ('train', 0.5054004), ('lesautobus', 0.50439155), ('autobuspour', 0.49785495), ('naviguent', 0.42926884), ('débarcadères', 0.4213858), ('vehicle', 0.37757033), ('tracésprotégés', 0.35802624)]"
120,119,21,119_janvier_2010notre_2010_2010c,"[('janvier', 0.66040814), ('2010notre', 0.6234209), ('2010', 0.6011398), ('2010c', 0.56255007), ('2010comme', 0.56126463), ('2010d', 0.5537058), ('2010bon', 0.5497618), ('13', 0.537945), ('juin', 0.53743947), ('mercredi', 0.5302958)]"
121,120,21,120_commissaires_présidente_président_directeur,"[('commissaires', 0.66653824), ('présidente', 0.65125), ('président', 0.6415314), ('directeur', 0.5828707), ('chef', 0.5751117), ('remercie', 0.54566514), ('madame', 0.54335356), ('remercier', 0.52905965), ('présenter', 0.52663815), ('associée', 0.5024027)]"
122,121,21,121_automobiles_véhicules_chauffeurs_voitures,"[('automobiles', 0.5587864), ('véhicules', 0.55764), ('chauffeurs', 0.5416819), ('voitures', 0.50695527), ('traﬁc', 0.47708726), ('camions', 0.46169063), ('véhicule', 0.44098753), ('300', 0.39956236), ('kilomètres', 0.39817348), ('000', 0.39442503)]"
123,122,21,122_québec_santé_dsp_services,"[('québec', 0.52212983), ('santé', 0.50462073), ('dsp', 0.38869318), ('services', 0.36275005), ('statistiques', 0.35593146), ('rapport', 0.3524015), ('2006', 0.3494295), ('rapportée', 0.34252775), ('publique', 0.33809215), ('sociaux', 0.33494884)]"
124,123,21,123_6a_7options_état6_chantier,"[('6a', 0.6365013), ('7options', 0.6284354), ('état6', 0.59222627), ('chantier', 0.5556787), ('est8', 0.53817326), ('numéro', 0.5134625), ('2007', 0.5011864), ('retrouverez', 0.5005544), ('12', 0.49539578), ('déclare', 0.47734883)]"
125,124,21,124_nord_ouest_enouest_côté,"[('nord', 0.5655368), ('ouest', 0.5415398), ('enouest', 0.48670453), ('côté', 0.4434879), ('régions', 0.43655914), ('échelles', 0.40830386), ('presque', 0.4040507), ('rue', 0.40350258), ('apparaissent', 0.40117478), ('liens', 0.39834654)]"
126,125,21,125_québécoise_patrimoine_industrielles_québec,"[('québécoise', 0.65000165), ('patrimoine', 0.6201523), ('industrielles', 0.61179805), ('québec', 0.60576), ('industriel', 0.5930648), ('inventaires', 0.54202354), ('artefacts', 0.50972235), ('internationaux', 0.4719448), ('milieux', 0.46647793), ('association', 0.44480205)]"
127,126,21,126_urbaineintégrée_urbaineintelligente_urbaine_innovatrice,"[('urbaineintégrée', 0.7067518), ('urbaineintelligente', 0.67041284), ('urbaine', 0.586838), ('innovatrice', 0.58296996), ('métropolitaine', 0.5689657), ('innovantes', 0.5287317), ('revitalisation', 0.5216022), ('inventivité', 0.5204587), ('quartierscentraux', 0.5123629), ('centreville', 0.48835838)]"
128,127,20,127_connaît_anglais_mains_réalise,"[('connaît', 0.544986), ('anglais', 0.5126917), ('mains', 0.5098473), ('réalise', 0.509526), ('veux', 0.5059955), ('quelquechose', 0.50344014), ('nom', 0.50239533), ('carrément', 0.50139636), ('pouvez', 0.49107066), ('terme', 0.48888463)]"
129,128,20,128_démolitions_démolies_destructionqui_ladémolition,"[('démolitions', 0.69133687), ('démolies', 0.67929196), ('destructionqui', 0.67805237), ('ladémolition', 0.66403306), ('démolition', 0.6624845), ('damage', 0.6496959), ('dommages', 0.63482016), ('démolirces', 0.61825603), ('démolit', 0.5780489), ('démolir', 0.5585309)]"
130,129,20,129_transportcollectif_transportoutre_transport_mobilité,"[('transportcollectif', 0.5372916), ('transportoutre', 0.49709642), ('transport', 0.49379367), ('mobilité', 0.4882356), ('transit', 0.4244119), ('moinsnuisible', 0.38396013), ('disaisprécédemment', 0.31754926), ('contingence', 0.31704056), ('transfert', 0.30614814), ('letransport', 0.29535553)]"
131,130,20,130_janvier_19h00_soir_date,"[('janvier', 0.6784003), ('19h00', 0.64900845), ('soir', 0.6406481), ('date', 0.58510065), ('février', 0.57794684), ('2010on', 0.576826), ('2010', 0.5600587), ('2010quelques', 0.54126626), ('lundi', 0.5262909), ('28', 0.50735354)]"
132,131,19,131_déplacements_trajet_déplacement_déplace,"[('déplacements', 0.71302736), ('trajet', 0.69883657), ('déplacement', 0.65176237), ('déplace', 0.6006211), ('kilomètres', 0.57624996), ('transporter', 0.5644376), ('globalement', 0.56332934), ('ladistance', 0.55010885), ('distance', 0.5410159), ('transport', 0.53913224)]"
133,132,19,132_transports_transport_urbainle_urbain,"[('transports', 0.6087891), ('transport', 0.6020999), ('urbainle', 0.5547845), ('urbain', 0.5192172), ('santé', 0.48035067), ('circulation', 0.44777346), ('sanitaires', 0.37794498), ('destransports', 0.36637634), ('route', 0.3362373), ('maladies', 0.32556766)]"
134,133,19,133_revitalisation_regroupement_communauté_réunissent,"[('revitalisation', 0.53669506), ('regroupement', 0.4679273), ('communauté', 0.42764598), ('réunissent', 0.4271901), ('rétroaction', 0.41844618), ('assemblée', 0.40279955), ('regrouper', 0.39627895), ('participation', 0.38428345), ('participé', 0.38006967), ('participer', 0.37975445)]"
135,134,19,134_informationque_rapports_informations_données,"[('informationque', 0.58616304), ('rapports', 0.54113966), ('informations', 0.5381582), ('données', 0.51827955), ('information', 0.5162867), ('tellesaffirmations', 0.51608264), ('certainsdocuments', 0.5073553), ('comptages', 0.42879522), ('chiffres', 0.40827805), ('documentations', 0.4073559)]"
136,135,19,135_hôtels_hôtel_hôtelière_hôtelier,"[('hôtels', 0.7721915), ('hôtel', 0.73615706), ('hôtelière', 0.72000134), ('hôtelier', 0.70928216), ('hôtelde', 0.69937706), ('hôtelà', 0.6458826), ('condominiums', 0.45042533), ('lesédifices', 0.44359037), ('restaurants', 0.4418539), ('boutiques', 0.41372287)]"
137,136,18,136_malheureusement_unepréoccupation_êtreperceptible_devrait,"[('malheureusement', 0.5500297), ('unepréoccupation', 0.51997524), ('êtreperceptible', 0.46983743), ('devrait', 0.44252646), ('dedifficulté', 0.4371501), ('énormément', 0.41614145), ('problématique', 0.41580617), ('surprenons', 0.41489062), ('oubli', 0.41482383), ('pourra', 0.39957604)]"
138,137,18,137_vibrationsqui_vibrations_vibration_vibratoires,"[('vibrationsqui', 0.6838708), ('vibrations', 0.6670539), ('vibration', 0.6595958), ('vibratoires', 0.5922314), ('vibratoire', 0.5909596), ('flexion', 0.4754579), ('impacts', 0.44993192), ('perturbatrice', 0.4424838), ('ingénieurs', 0.4178775), ('perturbantes', 0.41433)]"
139,138,18,138_remercie_votreparticipation_gratitude_courtoisie,"[('remercie', 0.6452564), ('votreparticipation', 0.6112468), ('gratitude', 0.5922624), ('courtoisie', 0.5089655), ('participé', 0.46523228), ('invite', 0.45835966), ('participation', 0.43554536), ('présenter', 0.4289611), ('chanceux', 0.39621213), ('présentation', 0.38398755)]"
140,139,18,139_question_répond_questions_,"[('question', 0.58938694), ('répond', 0.5451603), ('questions', 0.5088589), ('', 0.34893948), ('', 0.34893948), ('', 0.34893948), ('', 0.34893948), ('', 0.34893948), ('', 0.34893948), ('', 0.34893948)]"
141,140,18,140_publicqui_publics_public_publique,"[('publicqui', 0.6479842), ('publics', 0.64092), ('public', 0.63536876), ('publique', 0.5877245), ('espaces', 0.540288), ('espace', 0.4627821), ('place', 0.4328196), ('privée', 0.42193282), ('favoriser', 0.4006497), ('aménagements', 0.39620513)]"
142,141,18,141_administrateur_agencemétropolitaine_ministre_directeur,"[('administrateur', 0.48221636), ('agencemétropolitaine', 0.46782285), ('ministre', 0.4635848), ('directeur', 0.4630506), ('plusieurscollaborateurs', 0.4218973), ('deputé', 0.416822), ('agence', 0.40602762), ('général', 0.38385236), ('etdéveloppement', 0.37935597), ('servicedu', 0.36912888)]"
143,142,18,142_québec_1x6_canada_3h6,"[('québec', 0.6730454), ('1x6', 0.5255217), ('canada', 0.5190446), ('3h6', 0.49323034), ('h4c', 0.48808396), ('h3a', 0.46953142), ('1g6', 0.465051), ('1n6', 0.45681036), ('4317', 0.4548549), ('h2x', 0.43880445)]"
144,143,18,143_remercier_accueillons_accueil_favorablement,"[('remercier', 0.542745), ('accueillons', 0.46739817), ('accueil', 0.45763606), ('favorablement', 0.4188634), ('collaborateurs', 0.40006626), ('représentants', 0.39044446), ('desreprésentants', 0.3718415), ('membres', 0.3631487), ('lesreprésentants', 0.3534611), ('accepté', 0.33001614)]"
145,144,17,144_question_second_questions_seconde,"[('question', 0.42827713), ('second', 0.4266224), ('questions', 0.41443694), ('seconde', 0.38606057), ('you', 0.38138232), ('another', 0.3810066), ('répond', 0.35582152), ('dernièrequestion', 0.34247512), ('prochaine', 0.33547843), ('non', 0.33057106)]"
146,145,17,145_proposal_proposés_propositions_proposition,"[('proposal', 0.6697929), ('proposés', 0.6568398), ('propositions', 0.60509276), ('proposition', 0.5800872), ('prévus', 0.54445946), ('plans', 0.5277835), ('définitifs', 0.5144205), ('projet', 0.48241147), ('premierprojet', 0.46814495), ('faudrait', 0.46375418)]"
147,146,17,146_transfert_transport_transporteurs_transition,"[('transfert', 0.58699775), ('transport', 0.54567933), ('transporteurs', 0.5334809), ('transition', 0.53112525), ('déplacement', 0.47289497), ('modal', 0.46081483), ('modale', 0.45393223), ('proposant', 0.41310596), ('faudra', 0.40611064), ('desdéplacements', 0.3851062)]"
148,147,17,147_gauche_tournants_droite_tournez,"[('gauche', 0.7289796), ('tournants', 0.56087893), ('droite', 0.5537826), ('tournez', 0.5322901), ('tournerà', 0.50238544), ('angle', 0.4750439), ('voie', 0.4512602), ('devoirtourner', 0.45079935), ('partent', 0.43438542), ('problème', 0.4320094)]"
149,148,16,148_québécois_québec_universités_canada,"[('québécois', 0.5274073), ('québec', 0.51200056), ('universités', 0.49295908), ('canada', 0.48154363), ('diplôme', 0.46995693), ('diplômes', 0.46463975), ('étudiants', 0.45722142), ('enseignement', 0.43445712), ('scolaires', 0.42672062), ('diplômés', 0.42361778)]"
150,149,16,149_réaménagement_revitalisation_reconstruction_réitérer,"[('réaménagement', 0.76407474), ('revitalisation', 0.6896067), ('reconstruction', 0.64813995), ('réitérer', 0.640839), ('réparations', 0.61597645), ('aménagement', 0.59346926), ('récupérés', 0.5910617), ('récupération', 0.58668876), ('projet', 0.56144536), ('récréatif', 0.552712)]"
151,150,16,150_immeubles_bâtiments_architecturales_design,"[('immeubles', 0.5406122), ('bâtiments', 0.51957154), ('architecturales', 0.5006476), ('design', 0.442347), ('urbains', 0.4311217), ('immeuble', 0.42783445), ('bruit', 0.4123572), ('constructions', 0.40665942), ('bruits', 0.39338732), ('pollution', 0.35815167)]"
152,151,16,151_boulevard_rue_urbaine_tramway,"[('boulevard', 0.5809825), ('rue', 0.5099955), ('urbaine', 0.41145277), ('tramway', 0.40638557), ('direction', 0.3812136), ('tourneront', 0.33135253), ('peel', 0.3283333), ('chemin', 0.28803778), ('voie', 0.25943267), ('interception', 0.23973222)]"
153,152,16,152_autoroute_réaménagement_construction_quartier,"[('autoroute', 0.6812071), ('réaménagement', 0.49164605), ('construction', 0.41202492), ('quartier', 0.40083057), ('mouvement', 0.3808146), ('transformation', 0.36319146), ('1967', 0.35878402), ('secteur', 0.34623662), ('cadre', 0.33429718), ('phase', 0.33106178)]"
154,153,15,153_présidente_président_directeur_chef,"[('présidente', 0.635286), ('président', 0.6300548), ('directeur', 0.62892216), ('chef', 0.5914587), ('politiques', 0.56041986), ('administration', 0.53517294), ('maire', 0.52556384), ('dinu', 0.49906617), ('présente', 0.4752474), ('comité', 0.47435474)]"
155,154,15,154_autobus_rue_station_rues,"[('autobus', 0.4891404), ('rue', 0.45855188), ('station', 0.4191069), ('rues', 0.39543128), ('cité', 0.3952554), ('corridors', 0.35707557), ('ruewellington', 0.3139407), ('nord', 0.30666637), ('central', 0.29075873), ('ottawa', 0.2748536)]"
156,155,15,155_1710_montreal_h2l_3e7,"[('1710', 0.40929598), ('montreal', 0.40387478), ('h2l', 0.3379214), ('3e7', 0.32509607), ('tél', 0.30366978), ('rue', 0.29352438), ('beaudry', 0.29041606), ('canadien', 0.27926105), ('document', 0.26751775), ('commune', 0.25044435)]"
157,156,15,156_david_remercie_professeur_plaît,"[('david', 0.54203665), ('remercie', 0.46978655), ('professeur', 0.44760722), ('plaît', 0.44220483), ('robert', 0.42344493), ('maintenantmonsieur', 0.40892276), ('hanna', 0.407628), ('monsieur', 0.39411324), ('présenté', 0.38163292), ('présentation', 0.3790566)]"
158,157,15,157_uneexplication_uneintention_devrait_proposer,"[('uneexplication', 0.48767647), ('uneintention', 0.47304988), ('devrait', 0.47077286), ('proposer', 0.44339865), ('insuffisante', 0.43259013), ('considérations', 0.42153746), ('comprenons', 0.41295117), ('contraire', 0.41258454), ('recommandation', 0.39557332), ('permettrait', 0.38713518)]"
159,158,15,158_tramways_tramway_tram_rail,"[('tramways', 0.58655715), ('tramway', 0.5598018), ('tram', 0.5005291), ('rail', 0.4332375), ('ferroviaires', 0.42193875), ('ferroviaire', 0.42169958), ('trajetsdu', 0.41073), ('train', 0.3930742), ('trains', 0.38104105), ('trajet', 0.37984282)]"
160,159,14,159_eaux_eau_dustationnement_hydro,"[('eaux', 0.72638685), ('eau', 0.72329307), ('dustationnement', 0.5921606), ('hydro', 0.58223647), ('pluie', 0.5739956), ('leseaux', 0.55803746), ('arrosage', 0.47163144), ('humide', 0.47110274), ('évacue', 0.41062552), ('vagues', 0.3937054)]"
161,160,14,160_sécuritéparle_sécuritaires_sécurité_sécuritécontradiction,"[('sécuritéparle', 0.6557715), ('sécuritaires', 0.6447002), ('sécurité', 0.64211357), ('sécuritécontradiction', 0.60926664), ('sécuritéilot', 0.5231749), ('audit', 0.4568809), ('p42', 0.43004608), ('ocpm', 0.41838843), ('998', 0.40527767), ('constats', 0.4030453)]"
162,161,14,161_millions_000_passagers_déplacements,"[('millions', 0.54755676), ('000', 0.47288495), ('passagers', 0.4665138), ('déplacements', 0.4570378), ('000déplacements', 0.40327305), ('moyenne', 0.3858304), ('transport', 0.3857024), ('total', 0.3784491), ('700', 0.36867738), ('déplacement', 0.33749104)]"
163,162,14,162_pdf_pdfenvironnement_com_notes,"[('pdf', 0.51475805), ('pdfenvironnement', 0.48244584), ('com', 0.4697051), ('notes', 0.465047), ('http', 0.44677198), ('publications', 0.43729872), ('rapporter', 0.43610027), ('publication', 0.43094027), ('memoireturcot2009', 0.42712128), ('techniques', 0.40033025)]"
164,163,14,163_monsieur_collègue_questions_chénard,"[('monsieur', 0.56540906), ('collègue', 0.5196295), ('questions', 0.49666786), ('chénard', 0.45971596), ('parlé', 0.4565148), ('question', 0.45553753), ('jean', 0.4132548), ('collègues', 0.40007725), ('permettez', 0.39537066), ('puisqu', 0.39257193)]"
165,164,14,164_projet_projets_collaborateurs_expertise,"[('projet', 0.59710056), ('projets', 0.56318676), ('collaborateurs', 0.5345102), ('expertise', 0.45919514), ('intéressons', 0.438657), ('lespréoccupations', 0.43842107), ('ressources', 0.42970777), ('analyse', 0.4228542), ('aspects', 0.41227466), ('étude', 0.41029033)]"
166,165,14,165_transport_transports_déplacements_plan,"[('transport', 0.7034804), ('transports', 0.7020656), ('déplacements', 0.6078037), ('plan', 0.5689039), ('chantiernuméro', 0.486172), ('detransport', 0.48028743), ('proposition', 0.45267028), ('corridor', 0.44678247), ('chantier', 0.4462949), ('demande', 0.4388097)]"
167,166,14,166_création_créer_créerun_vivre,"[('création', 0.65603286), ('créer', 0.59453046), ('créerun', 0.5914413), ('vivre', 0.57329655), ('existants', 0.54501176), ('développer', 0.5162576), ('concrètement', 0.49773937), ('milieu', 0.49685547), ('milieux', 0.49411458), ('développement', 0.47104934)]"
168,167,14,167_citoyenne_citoyens_citoyen_lescitoyens,"[('citoyenne', 0.6461271), ('citoyens', 0.6371852), ('citoyen', 0.62598443), ('lescitoyens', 0.61247945), ('impliquaitdavantage', 0.45796832), ('connaissons', 0.4050123), ('sommes', 0.3814211), ('préférable', 0.36077115), ('faut', 0.35022902), ('besoins', 0.34475446)]"
169,168,14,168_copropriétés_copropriétaires_phases_projet,"[('copropriétés', 0.6643858), ('copropriétaires', 0.6019297), ('phases', 0.5947882), ('projet', 0.56629515), ('regroupées', 0.5390594), ('structurale', 0.5121381), ('syndicat', 0.45913768), ('annexes', 0.45762157), ('iii', 0.45515016), ('annexe', 0.44617078)]"
170,169,14,169_entend_comprends_oui_bien,"[('entend', 0.8046273), ('comprends', 0.7605621), ('oui', 0.60253865), ('bien', 0.5757525), ('êtes', 0.57241863), ('sens', 0.5543222), ('écoutez', 0.5487205), ('avez', 0.54510427), ('prévu', 0.477545), ('affirmez', 0.47160292)]"
171,170,14,170_autoroute_boulevard_route_destination,"[('autoroute', 0.51203334), ('boulevard', 0.49589944), ('route', 0.4545759), ('destination', 0.4336318), ('ferroviaires', 0.3953454), ('bridge', 0.3864829), ('quartier', 0.36038888), ('centre', 0.359341), ('automobilistes', 0.3549069), ('réseaux', 0.32884055)]"
172,171,13,171_congestions_congestion_congestionnées_congestionné,"[('congestions', 0.78905964), ('congestion', 0.76886874), ('congestionnées', 0.75446796), ('congestionné', 0.7280705), ('trafic', 0.6846794), ('trafics', 0.5649794), ('decongestion', 0.5036501), ('ruessecondaires', 0.42934155), ('automobiles', 0.412867), ('routes', 0.405645)]"
173,172,13,172_éclairageurbain_éclairage_luminaires_unéclairage,"[('éclairageurbain', 0.73775595), ('éclairage', 0.70548475), ('luminaires', 0.6691135), ('unéclairage', 0.65736234), ('incandescente', 0.64368224), ('lampe', 0.6281093), ('incandescent', 0.62375635), ('lanterne', 0.62079), ('lumière', 0.61560047), ('éclairer', 0.5229722)]"
174,173,13,173_promoteursont_promoteurs_lespromoteurs_réglementaire,"[('promoteursont', 0.5375568), ('promoteurs', 0.5361092), ('lespromoteurs', 0.4265984), ('réglementaire', 0.39974457), ('réglementaires', 0.3919068), ('crédibles', 0.3736713), ('prudents', 0.36110336), ('faisabilité', 0.35699886), ('stratégie', 0.3550366), ('collectivité', 0.35014838)]"
175,174,13,174_présenté_mémoire_ensemble_bonaventure,"[('présenté', 0.57937825), ('mémoire', 0.5251966), ('ensemble', 0.5164987), ('bonaventure', 0.5119176), ('ymca', 0.45487356), ('héritage', 0.44578946), ('frédéric', 0.4419607), ('basé', 0.434932), ('oeuvre', 0.43163568), ('', 0.42941937)]"
176,175,13,175_projet_projets_prioritaire_initiative,"[('projet', 0.5302913), ('projets', 0.5103904), ('prioritaire', 0.49484545), ('initiative', 0.48979712), ('priorités', 0.4786749), ('parties', 0.47350132), ('chambre', 0.46911395), ('pertinent', 0.45437288), ('planification', 0.43843985), ('gouvernement', 0.4171974)]"
177,176,13,176_revitalisation_refaire_quartier_rentrerait,"[('revitalisation', 0.5815434), ('refaire', 0.52700615), ('quartier', 0.52047193), ('rentrerait', 0.5160196), ('revivre', 0.48922825), ('quartiers', 0.4798041), ('relancer', 0.45824206), ('quiexistait', 0.45748192), ('ici', 0.44724298), ('résident', 0.44284195)]"
178,177,13,177_canadien_ferroviaires_ferroviaire_tunnel,"[('canadien', 0.61247563), ('ferroviaires', 0.6076524), ('ferroviaire', 0.60151446), ('tunnel', 0.428241), ('métro', 0.41934597), ('pont', 0.38395923), ('station', 0.36389792), ('corridor', 0.35208923), ('ducanadien', 0.34950778), ('voie', 0.34219638)]"
179,178,12,178________________________________________________________publié_vient_plaisir,"[('______________________________________________________', 0.7896492), ('publié', 0.5839008), ('vient', 0.57508564), ('plaisir', 0.55868435), ('emprise', 0.540327), ('sommaire', 0.5263536), ('parcours', 0.51525855), ('', 0.49548602), ('', 0.49548602), ('', 0.49548602)]"
180,179,12,179_unités_700_2800_000,"[('unités', 0.611768), ('700', 0.46023318), ('2800', 0.44889593), ('000', 0.4475509), ('800', 0.3807303), ('200', 0.35880822), ('410', 0.35095352), ('phases', 0.34227407), ('projets', 0.33660564), ('100', 0.32824087)]"
181,180,12,180_mitigation_mesures_réduire_tendregraduellement,"[('mitigation', 0.6333236), ('mesures', 0.57466507), ('réduire', 0.55698955), ('tendregraduellement', 0.53330207), ('réduction', 0.507347), ('proposées', 0.50071067), ('protection', 0.4922173), ('proposons', 0.47756124), ('demitigation', 0.47168222), ('envisage', 0.45201468)]"
182,181,12,181_rue_square_rues_urbainedésormais,"[('rue', 0.5916805), ('square', 0.55365145), ('rues', 0.5510489), ('urbainedésormais', 0.5451843), ('rueshaymarket', 0.5253891), ('parc', 0.51618695), ('bâtimentset', 0.5078532), ('carré', 0.4527958), ('place', 0.42555192), ('haymarket', 0.41010478)]"
183,182,12,182_mobilité_transports_transport_infrastructures,"[('mobilité', 0.5954355), ('transports', 0.5846497), ('transport', 0.56605864), ('infrastructures', 0.5196086), ('urbaines', 0.47785842), ('déplacements', 0.4631815), ('déplacement', 0.41014445), ('accessibilité', 0.37623602), ('sectorielle', 0.36045545), ('choix', 0.35826454)]"
184,183,12,183_densification_densité_densitéforte_élargissement,"[('densification', 0.73254764), ('densité', 0.6759484), ('densitéforte', 0.64957976), ('élargissement', 0.5409538), ('pourrontcompléter', 0.47426042), ('mixité', 0.4455999), ('densifier', 0.43023598), ('développé', 0.42900527), ('secteur', 0.42870814), ('étéproduits', 0.40583587)]"
185,184,12,184_rue_accueiltouristique_corridor_square,"[('rue', 0.5044399), ('accueiltouristique', 0.43966407), ('corridor', 0.4368989), ('square', 0.4340635), ('lieux', 0.42066842), ('projetbonaventure', 0.41683972), ('culturel', 0.39007866), ('culturels', 0.38748747), ('culturelle', 0.38633686), ('patrimoniaux', 0.38116962)]"
186,185,12,185_urbanité_urbaines_urbain_paysageurbain,"[('urbanité', 0.5883235), ('urbaines', 0.50636107), ('urbain', 0.4620662), ('paysageurbain', 0.43314832), ('architectural', 0.43071184), ('conservation', 0.4305244), ('patrimoine', 0.39226592), ('perspectives', 0.38248813), ('parcs', 0.37489897), ('artistiques', 0.35282597)]"
187,186,12,186_améliorant_amélioration_qualité_essentiel,"[('améliorant', 0.56848574), ('amélioration', 0.5669201), ('qualité', 0.49884742), ('essentiel', 0.4258173), ('résultats', 0.390953), ('décès', 0.38652477), ('vie', 0.38364786), ('âgées', 0.37572902), ('œuvre', 0.3531866), ('particulièrement', 0.34910882)]"
188,187,12,187_délai_délais_temporaire_échéance,"[('délai', 0.5826245), ('délais', 0.5510924), ('temporaire', 0.497035), ('échéance', 0.48581457), ('retards', 0.48092353), ('prévu', 0.4806982), ('logiqueau', 0.47938251), ('devrait', 0.4784736), ('faudra', 0.4773078), ('réalisésans', 0.4567467)]"
189,188,11,188_électricité_métroplus_énergétique_veolia,"[('électricité', 0.34458983), ('métroplus', 0.3196926), ('énergétique', 0.282031), ('veolia', 0.28111815), ('métropolitain', 0.2688552), ('énergie', 0.2619241), ('edf', 0.25413036), ('environnementale', 0.2420885), ('immeubles', 0.22827849), ('environnement', 0.22732441)]"
190,189,11,189_lowney_résidences_résidentiel_résidants,"[('lowney', 0.5711117), ('résidences', 0.529196), ('résidentiel', 0.5230945), ('résidants', 0.5194192), ('résidant', 0.4991895), ('résidents', 0.49817467), ('projet', 0.4584874), ('copropriétaire', 0.42291576), ('réduit', 0.39310586), ('propriétaire', 0.3842117)]"
191,190,11,190_télécopieur_téléphone_0704_4575,"[('télécopieur', 0.6866722), ('téléphone', 0.66068166), ('0704', 0.6378833), ('4575', 0.6242124), ('6615', 0.62163615), ('télécopie', 0.58625674), ('3568', 0.5857543), ('5992', 0.5639925), ('7déc09', 0.55551386), ('527', 0.5337999)]"
192,191,11,191_remercie_remercier_hudon_notrecontribution,"[('remercie', 0.52825373), ('remercier', 0.5279135), ('hudon', 0.5207779), ('notrecontribution', 0.46394753), ('notrecoopération', 0.4465673), ('madame', 0.4290437), ('nousparaissaient', 0.39693666), ('accompli', 0.38999468), ('croire', 0.3885254), ('conférence', 0.38660967)]"
193,192,11,192_transports_transport_québec_québecmémoire,"[('transports', 0.5853988), ('transport', 0.5569135), ('québec', 0.5492283), ('québecmémoire', 0.44244033), ('circulation', 0.42576456), ('2010par', 0.3782728), ('liège', 0.3660677), ('2002', 0.35632885), ('rail', 0.3283559), ('2000', 0.32294655)]"
194,193,11,193_normes_règlements_réglementation_minimum,"[('normes', 0.5116299), ('règlements', 0.48107007), ('réglementation', 0.4791224), ('minimum', 0.44386435), ('stationnements', 0.42831603), ('minimales', 0.3947342), ('stationnement', 0.38688028), ('sécuritaire', 0.37821412), ('recommandation', 0.37442732), ('shm', 0.3412186)]"
195,194,10,194_autobus_transport_trajet_corridor,"[('autobus', 0.535743), ('transport', 0.45925552), ('trajet', 0.42758477), ('corridor', 0.3858179), ('idée', 0.36560404), ('sommes', 0.35695624), ('simplement', 0.3524593), ('portes', 0.35013276), ('autour', 0.34286028), ('quartier', 0.33986512)]"
196,195,10,195_prioritaires_favoriser_développements_proposent,"[('prioritaires', 0.4901877), ('favoriser', 0.45222294), ('développements', 0.44931278), ('proposent', 0.44547415), ('aménagement', 0.44178426), ('essentiel', 0.43045127), ('concernés', 0.4135068), ('sanctification', 0.40844524), ('plans', 0.4005155), ('ouest', 0.39294076)]"
197,196,10,196_québec_population_proportion_province,"[('québec', 0.474401), ('population', 0.3510399), ('proportion', 0.34814546), ('province', 0.31882095), ('ménages', 0.29040125), ('locataires', 0.23539695), ('consommation', 0.20107956), ('77', 0.18775392), ('médian', 0.18742631), ('delocataires', 0.18603683)]"
198,197,10,197_scénariopréférentiel_scénarios_scénario_alternatifs,"[('scénariopréférentiel', 0.7381837), ('scénarios', 0.65198743), ('scénario', 0.6123096), ('alternatifs', 0.50555813), ('contraintes', 0.49524143), ('préférentiel', 0.47544754), ('faisabilité', 0.47392213), ('prévoit', 0.45941994), ('uneétude', 0.4447536), ('recommandé', 0.4296906)]"
